0, BADBABA, Glamdring, suspected, dragonnoises, fragrance, quotations, dwarfcandles, youngster, circulated, preparation, underfoot, shielding, developing, announcement, disguised, ponderous, attracted, portageway, watchfire, commodious, marshreeks, rejoicing, hellhawks, longfathers
1, BADBABA, burglaryespecially, proceeded, happening, Christmas, grassland, fortunate, wrongfully, disembarked, shrivelled, attributed, disappointment, sprinkled, Bombadillo, Riverdaughter, rootthreads, Barrowwights, Sharpears, heydiddlediddle, melancholy, morrowless, recounted, dominated, Creatures, incurable, poisonstained, rosebrambles, severally, wraithroad, needlecovered, roadbuilders
2, BADBABA, tubeshaped, mysterious, Terrified, neighboring, mountainshadowed, ravenmessengers, whatsoever, widespread, Butterburs, Nmenorean, multitudinous, jawcracker, Twentyfirst, carpenter, stonehewn, resolution, siegeengines, slavedriver
3, BADBABA, remembered, dumbfounded, southward, chuckling, innumerable, portended, irresponsible, ANGELICAS, unreasoning, applewood, hobbitpeople, unexplained, Nightingale, extinguished, tentacles, greenhued, weathering, floundered, earthwards, sidewalls, greathearted, lightningcrowned, Endorenna
4, BADBABA, dingdongaling, sensesand, waistcoat, sleepingdraught, lookingglass, reckoning, primarily, essential, trapessing, sunflowers, ANNOUNCEMENT, ornaments, barrowtop, Swishtail, uninviting, mailshirt, willowmeads, fingertips, bottleslast, oliphaunts, perishing, slobbering
5, BADBABA, Especially, buildings, trapdoors, wellpreserved, instantly, nightfall, straggling, persuasion, smouldered, stronglooking
6, BADBABA, goblintunnels, intention, documents, tributary, struggling, flattopped, hardedged, translucent, triumphantly, Elfcountry, leafwrapping, encounter, Firienfeld, vulturefaces, stabbingsword
7, BADBABA, trembling, breakfasts, crackling, palpitating, fireplace, recovering, BarrowDowns, developed, unchanged, abbreviated, encouraging, wallowing, Langstrand, rowantrees, festering
8, BADBABA, workshops, lightless, Marvelling, unaffected, considerable, unwatched, witnesses, thoughtful, Goldberry, converged, shoulderhigh, wildgoose, Strawheads, carrionbirds, enheartened, Beregonds
9, BADBABA, Somewhere, elffriends, Painfully, snuffling, Staggering, concerned, conclusion, wellordered, accepting, circumstances, Heathertoes, Desperate, elfletters, unresting, increasingly, rahoomrah, rendering, stonecrops, established, gainsaying, sturdiest
10, BADBABA, Bagginses, mountainsfrom, possession, westwards, guardroom, riderless, homegrown, Presently, gardening, acknowledged, unaltered, unrolling, skilfully, lighthearted, bargained, elfcountries
11, BADBABA, remembering, Wereworms, Maysunshine, benefactors, joumeyings, continuously, Longholes, loudflowing, Shadowfax, SwordthatwasBroken, greatgrandfathers, Disturbed, favourites, Underworld, throttling
12, BADBABA, precioussssss, adventurer, breathless, occasions, Wellpreserved, collection, continues, hobbitsize, regarding, ridingponies, campingplace, hemlockleaves, foolishness, Nimrodels, slightest, evergreensit, heedlessly, Dreamlike, campaigner, maidchildren
13, BADBABA, provisions, unmercifully, Mouthless, clambered, dragongold, adjoining, furniture, dwarfmake, wealthier, Gilthoniel, grassgrown, travelstained, forestall, insisting, wistfully, shouldering, wideawake, stonestill, unconsuming, mealtimes, Elvenlords, campingplaces, waggontrains
14, BADBABA, important, prisoners, grimvoiced, Twentysecond, Christopher, reluctant, shapeless, geography, forgetmenots, unremembered, Barrowwight, manyshaded, comprehended, sindanuriello, malediction, addressing, perceptibly, agitation, slingstones, pronounced, fourteentwenty
15, BADBABA, respectable, seedcakes, trollmake, hidingplace, westwardsbehind, birdnesting, forgetfulness, starlight, Elvenking, foreshadow, remaining, distantly, dreamless, Silverlode, thornbushes, burnished, battlement, horsebreeders, Treebeards, unsleeping, Shriekers
16, BADBABA, thunderstorms, bewitchments, overhangs, dungeonhall, Nicotiana, Riverwomans, heartless, tottering, beechwoods, rumblings, overboard, freshened, stonecircle, Shirriffing, twentysecond
17, BADBABA, raspberry, carefully, comfortablelooking, goblinwars, blindmans, difficulty, unanswered, undertook, libraries, handkerchiefs, vanquished, rightabouts, troublesome, elvensword, brazenthroated, eglantine, Yestereve, earthwall, ruthlessly, straddling
18, BADBABA, detachable, paraphernalia, inquisitive, delighted, eaglelord, Dreamdinners, Lightelves, Personally, mountainseat, thirtynine, regiments, blacksmiths, convulsive, undisturbed, Morgulstuff
19, BADBABA, prosperous, beginning, threatened, promising, sittingand, redstained, historical, affection, eventually, inconsistencies, efficient, Thistlewool, rebuilding, cheerfulness, safekeeping, Unnoticed, compulsion
20, BADBABA, expedition, butterfly, tradition, northerly, unmistakable, constructed, inhabitants, conveying, Elvenhome, unadorned, spearhead, Truehearted, promptings, wooddemons, Swertings, marjorams, enlarging, dinguruthos, undersized, reproachfully, sawtoothed, dizziness, Shirriffhouses
21, BADBABA, goodnatured, immediately, curiously, sheltering, inconveniencing, underneath, Breakfast, touchesto, Thainship, eatinghouse, secondfloor, Southgate, heartening, krimpatul, Methedras, elffashion, pitifully, revealing, mountainroads, obedience, ruffianleader
22, BADBABA, comfortable, occasionally, dwarffashion, spluttering, overthrown, researches, brighteyed, colonists, unprotected, condemned, harbourless, halfhumorous, endeavoured, cliffface, Monstrous, mountainvales, wartowers, grasstussocks, farmcarts
23, BADBABA, unwashedup, ponyrides, betterment, thornhedge, unimpeachable, Doubtless, calendars, shimmering, uneasiness, smokelike, glistened, Neldoreth, elvenbows, rustlings, contention, shadowing
24, BADBABA, evidently, forestroad, Shirriffs, unnoticed, Rhosgobel, steelrings, patiently, northeastward, approaches, hilltrolls
25, BADBABA, squashing, tarnished, solemnities, excitedly, unassessably, handicrafts, estranged, turnipfield, compensated, depressed, serpentforms, Ringbearers, Greenleaf, murderous, Ithilstone, Denethors, unlightened, Shapeless, battlemented, landlords
26, BADBABA, destroyed, gentlemen, questioned, redgolden, shoemaking, questioning, celebration, successors, journeying, millwheel, whithersoever, whisperings, rocketing, frankness, temporary, illuminate, Hardening
27, BADBABA, fourteenth, suspicious, safetyalso, jackintheboxes, yourselvesand, unpacking, bathwater, treasured, orcblades, whitefaced, quickening, windblown, endangered, parleying, Perilously, Tomorrows, balusters, proclaimed
28, BADBABA, greatgranduncle, forestfloor, insulting, mountainpalace, rockgates, Shiremuster, Springlering, countrymen, uncounted, intertwined
29, BADBABA, something, outofdoors, FryingPan, slithering, wolfguards, Yaharriheyl, starvation, perplexed, Calamities, approached, Loudwater, cartwrights, Hobbitryinarms, arrangement, windowpanes, chimneyshelf, Breeblood, Dwarrowdelf, whipthong, newawakened, brandmarks, faithfully, gardenlore, figurethe, Ninefingered
30, BADBABA, washingup, bickering, centuries, lightening, prophesying, references, unwilling, unfriendly, shimmered, uneventful, Southrealm, kindliness, inherited, trickling, squinting, childless, longplanned, marshalled, Tirelessly, inaudibly
31, BADBABA, bathrooms, naturally, protection, prophecies, cordially, stayathome, shamefaced, excavated, challenging, transparency, Evernight, oppressed, cavetroll, blessings, enquantuva, instrument, crossings, Thricerenowned, Involuntarily, kingfishers, passersby, Galathilion
32, BADBABA, bewutheredthis, greatgreatgreatgranduncle, unoccupied, quarreled, waitedall, mountainroots, firesidetales, Trembling, unclasped, deliberate, Moontower, blackhanded
33, BADBABA, surprised, unexpectedly, Everything, whispering, messenger, smokehole, raftsteerers, withholds, increased, attention, pleasantly, Rushlight, communicative, Horselords, starglimmer, beechtree, wellearned, undertone, corruption, masterful, Thengling, hobbitface, clawfingered, mossgatherer, sweetness
34, BADBABA, latecomers, forestsilence, beartracks, mountaingates, unquenchable, roadmeeting, summaries, hobbitpony, Wonderful, shoreless, listenings, crownless, steepclimbing, incomplete, meadowflowers, insecurity, yellowfanged, Blindfold, convulsed, admiration
35, BADBABA, neighbourhood, summertime, entertaining, corrected, Burrowses, Northfarthing, accomplish, farmhouse, goodnights, unguessable, workmanship, longforsaken, winddrift, needlessly, orcfashion, Nantasarion, Erkenbrand, grabbling, sincerity, bayleaves, Outriders, outstayed, herbmaster, elvenblood, trollchief, ironmongery
36, BADBABA, arranging, difficult, discovered, beautifully, confusticate, northwest, fountains, imperishable, precisely, Falalalally, energetic, halfremembered, consulted, helplessly, Breelanders, quagmires, Enchantment, sorrowless, clippetyclippelyclip, counselled, grudgingly, grievances, betrayals, drumbeats, furcloaks, concealment, entangled, Wolfriders, Apparently, leechcraft, stormwrack, Mindolluin, Wrenching, chattered, resembled, treeslayer, orcdragging
37, BADBABA, apprentices, conscious, lightened, molesting, multitude, Wandering, prolonged, attractions, sleepiness, destroyers, suggestion, ceaselessly, harmlessly, downstream, longvanished, axestroke, whomsoever, dishonoured, displeasure, orcshield, Ghvnburighvn
38, BADBABA, elephants, described, somewhere, treetrunks, cockscomb, districts, entertainments, treeshadows, talkative, continuing, unhopeful, mercilessly, resolutely, malinornjlion, illboding, Preciouss
39, BADBABA, Goblinses, coalblack, replenish, pretended, Magnificent, springtime, elevenses, fainthearted, elvenwise, groundless, fellowship, horseboys, salvagework, greenfooted, troubling, nightwaters, Orcvoices, orccompany, whitening, bivouacked, disfigured
40, BADBABA, sometimes, returning, fortnight, lengthened, andchanges, trumpeters, withstand, Starlight, foremother, hereafter, eyeopeners, rearguard, baggagepony, unchallenged, encroached, handstrokes, unceasing, unsullied, mountainborders, briarthickets, Gatebreaking
41, BADBABA, beginnings, hawthornberries, reconciliation, advantage, riversides, addressed, willowwand, Bridgefields, Midgewater, nightnoises, inaudible, honouring, doorwards, spearthrust, Dorthonion, Stormcrow, halfeaten, Twentynine
42, BADBABA, professional, respected, dragonmountain, background, tolerated, laughingmatter, lilybowls, raincurtain, hobbitgarments, tormented, Otherworld, snowstorm, swanwings, elvenstring, Southward, splayfingered, poisoning, clearings, fulfilled, tomorrows, swanknights, unwithered, kinswoman, Hardbottle
43, BADBABA, adventure, astonished, midsummers, menacingly, farewells, appalling, autumnlike, elvishlooking, merrymaking, floundering, Certainly, Wondering, irresistibly, disappearance, hobbitfamilies, sparklers, pennypiece, unrevealed, Sleepiness, gatekeepers, moonbeams, treestumps, Nevertheless, conscience, foreknowledge, remorseless
44, BADBABA, mantelpiece, thunderbattle, everywhere, advancing, imprisoned, portcullis, confidently, Brandybuck, somebodys, Deafening, unpopular, breechespocket, penstrokes, misunderstood, Ancalagon, Puddifoots, chalcedony, marvellously, Tauremorna, immovable, whitepaved, deathlike, countryfolk, boatbridges, untameable, restoration
45, BADBABA, remarkable, fireworks, counsellor, Golfirnbuls, dishcovers, deeppiled, stratagems, bodyguard, rewritten, conjectural, restlessly, dissuaded, slanteyed, Raurosfalls, unfitting, famousest, Hoursdays, fastnesses
46, BADBABA, underground, stonegiants, rabbitcropped, pinecones, mindexcept, knowledgeable, Masterring, uncertain, Entmaidens, battleaxes, manycoloured, hobnobbing, beleaguered, eveningrest, Shirebuildings, consequence
47, BADBABA, splintered, lazybones, spiderstring, landingplace, unaccountable, deafening, importance, settlement, warehouses, collapsed, Ringmaker, fruitless, leafwrappings, hillcountry, mountainmarches, threequarters, charnelsmell, happiness, swordthain, maggotridden
48, BADBABA, Dwarfmail, production, traditions, Southfarthing, hesitating, Disappearance, permitted, Peregrins, branching, orcdraught, crossroads, releasing, paleskinned, ignorance, thornbrakes
49, BADBABA, pinetrees, snowpeaks, presently, collecting, motionless, alarmingly, measuring, Fallohidish, discovering, persuaded, elventongues, ironbound, nighteyes, refreshment, enthralled, Goldenhaired, mountaintrolls, hornblowing
50, BADBABA, yesterday, Fortunately, vanishing, usefulness, earthquake, aimlessly, fluttered, invisibility, Foresight, reminiscences, provision, collector, downhearted, firebrand, mincemeat, unwelcome, splitting, fathomless, Ungoliant, greenyellow, butteries, bridgeend
51, BADBABA, themselves, shoulders, slippingbeginning, companion, spiderwebs, uninteresting, foreheads, hobbitbuilding, Sackville, cunningly, highbanked, nightmare, playacting, hiltshard, Barazinbar, storerooms, expectant, Seeingstones, Snowmanes, strongwilled, Isenmouthe, swanprowed
52, BADBABA, luxurious, Excitement, repliedit, wayunless, wellgroomed, investigator, dragonsickness, characters, farmhouses, Messenger, outoftheway, oblivious, instructed, greyfeathered, faltering, bargainif, treekiller, territory, throughthrough, MinRimmon, grandsire, halftrolls, ruffianly
53, BADBABA, management, sortindeed, bodyguards, surefooted, allegorical, attentive, cornlands, seemingly, Esgalduin, tellaided, dreamlike, lurkingplace, Fanuidhol, knifestroke, manytiered, soundedbut, strolling, roughhewn, lightnings, Wraithking, birdsnesting, Snowbourn, farsighted, greybeard, Elfwarrior, insatiable, Ambarmetta
54, BADBABA, Lonelands, shrieking, dripdripdripping, dragonspell, wanderings, resistance, annihilated, Highelven, unbearable, recollect, exchanged, orcvoices, outspread, bestirred, eveningstar, Underharrow, halfburned, elvensong, unpeopled, Lockholes
55, BADBABA, frontdoor, splinters, eruptions, snivelling, fullsized, straightened, perishable, unconcerned, encircled, mountainshadow, haltingly, falmalinnar, unclouded, saddlebow, crowhaunted, Citadelgate, pronounce
56, BADBABA, absolutely, burglarious, confusion, crunchable, Something, intervals, spidercolony, trampling, unlearned, adornments, character, ancestral, inclusion, Fiddlesticks, agricultural, Everywhere, conflicting, eastshore, sweetspoken, smoothskinned, Deepingcoomb, goblinfaces, habitation, smokestreaked, bushshrouded, firmament, Greetings, mistenshrouded
57, BADBABA, blackberries, themthough, waterskins, fullgrown, nightshade, brideprice, Silvertine, niphredil, gravelshoals, leafbladed, laughingfolk, truthspeakers, countered
58, BADBABA, uninvited, suggestions, purloined, moonlight, wolfallies, southerly, unpleasantly, undervalue, surpassing, unintelligible, misleading, middleworld, amusement, unruffled, goblinsoldiers, Westfolders, mountaineers, cavemouth, repairing, heartquelling
59, BADBABA, replenishing, fluttering, Goblincleaver, situations, honeysmelling, infuriate, bewilderment, giantsize, perplexities, elffountains, foolishly, encourage, willowcracks, brightest, elvenscript, paleglimmering, Tumbaletaurla, harpstring, Friendship, guardrooms, survivors
60, BADBABA, disappointedly, runeletters, alliances, dragonalluding, sentinels, Elftowers, Shireservices, longdrawn, housedwellers, virtually, withypath, stiffening, translated, attacking, shattering, carrionfowl, aggrieved, genuinely, hereabouts, outgarrison, overmatched, waylaying
61, BADBABA, especially, UnderHill, conspirator, astonishing, postoffice, thunderbolt, intelligent, stronghold, stillness, Gathering, extensive, challenge, Reckoning, stammered, gratified, womanhood, Throughout, deepcloven, cockleboats, hideously, Questioner, screeches, knobknuckled, foolhardy, trumpeted, assuredly, Finduilas
62, BADBABA, lightning, hobbitholes, twinkling, possessions, standstill, Treebeard, Forbidden, Middleearth, enthroned, departing, Morgulspells, lissemiruvureva, returnand, instruction, cookinggear, comprehending, shortlegged, eyeshaped, waggonloads
63, BADBABA, following, fairworking, elsewhere, dwellings, fortifying, ramifying, unrelated, anniversary, longlived, southerner, Whispering, awkwardly, husbanding, alallalallarumbakamandalindorburml, Shirefashion
64, BADBABA, hobbitgirls, uncomfortably, delicious, scrabbling, differently, distributed, rivertolls, doubtless, Messengers, greenwood, tobaccojar, grasssnakes, intriguing, caperings, congratulate, quickworded, counterfeits, mountainsif, elsewhither, mimicking, willowshades, rebellion
65, BADBABA, trillillillolly, handwriting, scufflings, undercuts, monstrous, wormstench, startedbut, lightfooted, strenuous, perilously, rainwashed, unstained, cataracts, Grishnbkhs, goldenred, stouthearted, corrupter, terebinth, fernbrake, dissipate, presentable, greathilted, foretellings, Dwarfcoat
66, BADBABA, destruction, halffinished, Travellers, sidequite, raftelves, prevented, Departure, Farthings, Crickhollow, Inglorion, Shipwright, Mirrormere, traversing, Stringing, continually, proffered, mountainpeaks, shieldmaiden, Stoningland, enhearten
67, BADBABA, cakeseedcake, therefore, discussed, chieftains, exceptionally, elvenships, worriting, mountainpath, ngaurhoth, inscribed, Elfhavens, comprehension, vehemence, shuttering, unreckoned, bloodshot, unlocking
68, BADBABA, wondering, toymarket, considering, scabbards, tralalalally, wholesome, painfully, somersault, surprises, treacherously, Bamfurlong, mementoes, inscription, warhorses, rubbleheap, Huorndark, garrisoned, woodwrights, broidered, maggotholes, nightfears, responsibility
69, BADBABA, mincepies, frightened, scattered, expression, languages, genealogical, Hornblower, policemen, successful, interrupting, vagabonds, trollcountry, weathered, Glorfindels, interwoven, conceived, possessor, greenclad, Mithrandirs, Guardtowers, orcpassage, broadheaded, noseguard, calculate
70, BADBABA, whistling, breathing, flabbergasted, excellence, northeastwards, chieftain, mountainkings, elvencloak, differences, breastwork, Unlookedfor, Orthancstone, mossgrown, mastering
71, BADBABA, firelight, haymaking, including, reputation, waterskin, Wriggling, enthusiasm, Hurriedly, dwarfridden, deliberately, inheritance, conquered, welcoming, Southerners, marshland, heavyhearted, honeycakes, airetbrilnrinen, valiantly, horseflesh, throughand, discussions, insectkind, insectlike, unclenching, Fearfully, servitude
72, BADBABA, Bullroarers, accidentally, creatures, scurrying, landslide, clutching, Woodelves, reflections, wearisomethere, stretching, burglaror, alternative, remarkably, dubiously, greengrown, Mitheithel, recognition, disquietingly, worshipful, newopened, Laurelindurenan, friendliness, restingplace, longenduring, turretdoor, orcdriver, iddleearth
73, BADBABA, shivering, helterskelter, hideandseek, mistakenand, succoured, Shirefolk, sweetened, Birdtamer, hollybush, mithrilcoat, midafternoon, springcleaning, surrender, despondently, dayguards, marvellou, Stonewain
74, BADBABA, ourselves, warriorsthe, midsummer, thrusting, waterways, fashioned, prosperity, forestwater, stabledoors, ElfKingdoms, Fruitless, closewoven, Cloudyhead, burrowing, outriders, preventing, sweetscented, browngreen, townlands, precautions
75, BADBABA, forgotten, satisfied, sidepassages, dwarflinked, reflected, onlookers, inconveniently, hopefully, Bombadils, unsheathed, Nimbrethil, horncalls, shadowless, Fimbrethil, mountainvillages, blessedness, homestead, Brockenbores
76, BADBABA, particularly, impossible, gnawingly, mouldered, undersizedburglar, Outsiders, completed, invitation, Remmirath, elfspeech, thywindle, Elfkindred, strengthen, mountainstream, noiseless, unbraided, constrained, Ossiriand, simbelmynl, pilgrimage, stonecracking, enamoured, deviously, unshadowed, nighteyed
77, BADBABA, throttled, moneycounters, Longexpected, supplement, Bracegirdle, unsettled, refreshing, darkhaired, Beleriand, sandhills, deceivedfor, palantnri, Spluttering, Desperately
78, BADBABA, understand, Carefully, embroidered, pitchdark, hurriedly, Firelight, Fredegars, saddleskins, sorrowful, Dreamflower, groanings, hidinghole, Sleepless, Stonefolks, straightway, veritably, Entdraughts
79, BADBABA, Elephants, threelegs, strawberries, composition, Midsummer, disturber, springing, lanternlight, encumbered, treasuries, shepherdless, drunkenly, northaway
80, BADBABA, responsible, firstclass, aboveground, rockroses, clattering, fliesuntil, magnificence, uninjured, Concerning, convinced, abundantly, concealed, brownhaired, unravelling, misunderstanding, Riddermark, dragonlair, strengthening, corrupted, enthouses, sanddunes, axebearer, juicysweet, unbreakable, Grimbolds, blessedly, Shirriffleader, Flourdumpling
81, BADBABA, hobbitboy, outlandish, appreciatively, marauding, primitive, Riddlegame, distribution, contributor, grassclippings, stumbling, hobbittalk, concealing, slowclimbing, shepherds, destroying, furnished, embrasures, Companions
82, BADBABA, excitement, explaining, pinewoods, foresttrack, overpowered, trackless, multiplied, pavilions, behaviour, birthdaypresents, scrupulous, woodparsley, horseback, Dangerous, kindlings, correction, piercingclear, Northborders, Sorceress, challenger, mountainfields, warworthy, friendless, elvencake, embassies, sallowfaced
83, BADBABA, ridiculous, flattened, onslaught, estrangement, providing, imaginable, sandyhaired, lamplight, Caradhras, nightspeech, tiredexcept, shrouding, Entvoices, hobbitprints, conquering, purchased, closestrung, valleybottom, dissolved
84, BADBABA, everybody, proceedings, passengers, magnificent, fardistant, greybeards, necessaries, dragonguarded, taleteller, dithering, Uttermost, contrivance, wolfshape, Elvenmaid, Celebrant, greyskinned, slavering, husbandmen, sundownbells, bitterness, Mindolluins, dourhanded, Satisfied, troopleaders, speediest, hobbitbows
85, BADBABA, remuneration, sincerest, Scuttling, waterlogged, afterthought, unprepared, sharpeyed, welltrodden, landingstage, displeased, glowering, investigate, entstrides, readiness, indomitable, shorthanded, hobbitlordlings
86, BADBABA, riverbank, journeyed, chattering, marvelling, Nonetheless, preserved, unintentional, Sundering, perilousnot, rummaging, incompatible, daffadowndilly, everybodys, Stonehousefolk, headaches, gatherers, Adventures
87, BADBABA, Engagement, foodsupplies, courtyard, Impenetrable, perpetually, Shireholidays, rainwater, newcomers, penetrated, Beornings, whortleberry, nuisances, horsemaster, manyfingered, exchanges, restraint, displayed, hobbithand
88, BADBABA, clinkclink, halfimagined, clifflike, hoofprints, drinkingcup, foundered, horsetail, expectancy, campingground, uprushing, blackhelmed, displeases, powerless, Cormacolindor, greathearts, sincahonda
89, BADBABA, gradually, pockethandkerchief, yammering, fishbones, overjoyed, fugitives, correctly, metalwork, eagerness, represent, dwarfmail, elvenskill, overhearing, suspicions, squeakings, Dunlendings, servingwoman, encouragement, fightwith, stirrupcup
90, BADBABA, breakfast, stiffness, inspiration, inimitable, authority, dwarfsong, Downlands, Glorfindel, throbbing, sustenance, Gandalfand, seethough, leaguefellows, waymeeting
91, BADBABA, Goblinwars, goblindrivers, scattering, rattlingon, littleknown, hurryings, sufficiently, desolation, shoreland, highlands, unwearyingly, preeminent, impromptu, exclamations, waterfall, drenching, elvenmaids, recrossing, twitching, scrabbled, Childless, unwitting, embalmers, Rosielass
92, BADBABA, perfectly, wandering, rushbottoms, fatbodied, Mushrooms, judgement, forbiddingly, willowboughs, durbatulyk, northeast, surmounted, lamentation, Gollumlike, screeched, skyfields, somethings, storagetunnels, presiding
93, BADBABA, disappear, vineyards, sparkling, quivering, waterlilies, dumdiddle, overwhelmed, singingnot, committed, suddenness, sevenfold, battlefield, depression, Gerontius, beechtrees, firstrate, alternated, nailknife, Blackroot, Shadowmen, Curiosity, Whitfurrows, thirtyone
94, BADBABA, upprobably, preparations, scrambled, smoothsided, hobbitlegs, Tralalalally, annoyance, permission, temperament, wellmeaning, farmhousehold, seventeen, courteously, mistaking, habitable, tenseness, deliveries, dissemble, overborne, tattering, Springshe
95, BADBABA, clarinets, strangely, Sometimes, quesstion, dreariest, surrounded, Khazaddym, generation, treachery, cluttered, leafshaped, increasing, halfveiled, discomfiture, Elventongue, southernmost, unabashed, provinces, shieldarm, outsiders
96, BADBABA, unsaddled, subterranean, hillsides, baabaabaa, Disappear, drinkinghorns, presumption, corrections, childrens, athinking, undaunted, Elventears, pikestaff, surveying, Ninnyhammers, reedthicket, arrowfeathers, Goldilocks
97, BADBABA, princesses, overshadowed, twentyfirst, grumbling, expecting, Unfortunately, dragonslayings, foreboding, streaming, commentaries, wastepaper, signboard, untroubling, unlookedfor, misfortune, Fiveandforty, mournfully, protested, blindness, orcarchers, orcscratch, numbskulls, burdensome, elvenwork, squandered
98, BADBABA, smokering, Gandalfjumped, wriggling, frightfully, abominable, flickered, cluefinder, imitations, bathsongs, disapproval, brownskinned, featureless, Ettendales, Zirakzigil, treesgood, windswept, creakings, quickness, bittersweet, windowslit
99, BADBABA, distances, political, forgetful, Gorgoroth, slackened, Elfwardens, interpret, elvenboat, quicksand, swordhilt, rottenness, reprieved, Clambering, Smallburrow
100, BADBABA, unsuspecting, situation, morningyou, necessary, surprising, shoreward, transport, townbaiting, peculiarity, unaccountably, Calacirian, herewhich, hornblast, elvenprinceling, weatherworn, havesince, Muttering, shoutinghe, fleshless, mouthfuls, unpraised
101, BADBABA, afternoon, Toothless, sniffling, Elvespartly, extravagant, enquiries, vanishment, sweettongued, dejectedly, shadowygrey, Sorrowfully, Tasarinan, revolving, unhappiness, outmatching, hazelthickets
102, BADBABA, finishing, exaggeration, regularly, threshold, spluttered, goblindwelling, frightful, companies, carechiefly, Hornblowers, tissuepaper, independent, overwritten, recognize, changeful, pronouncing, shelllike, postponed, Somethings, supportable, retentive
103, BADBABA, questions, painfulhe, everything, otherwise, harvesting, forefinger, Dorwinion, impatiently, allowance, contribute, memorable, longunnoticed, standards, unhindered, Greenwaycrossing, halfstripped, fatherless, Kheledzvram, disordered, youcanthaveit, trenchlike, gladdened, mockingly, clothesrail
104, BADBABA, Confusticate, Moonletters, staggered, impatient, splendour, drowsiness, elfguards, bickerings, examining, attackers, Otherwise, handkerchiefno, foothills, welltended, threading, unwrapped, Assuredly, despoiling, muchloved, protruding, knifeedged, heavyarmed, Shirriffhouse
105, BADBABA, compliments, gunpowder, brushwood, respectful, withstood, flattered, assortment, Menelvagor, clustered, deceitful, perceptible, wellforged, ominously, furtively, achieving, Wraithlord, fulfilment, Trespassing
106, BADBABA, acceptance, drumshaped, drinkingbowls, strongholds, splashing, Magnificence, Conspiracy, Findegils, Northward, vigorously, Faithless, shuttingspell, misjudged, lindelorendor, windowless, waterbottle
107, BADBABA, dangerous, pocketsit, reasonably, genealogies, noticeable, Ringwraiths, dishevelled, Northgate, greygreen, remembers, flaxflowers, Breedialect, fourfooted, dauntless, Thranduil, paddlefeet, staggering, lanternbeam, Merethrond
108, BADBABA, extraordinary, unwholesome, promontory, obscurest, Information, laborious, hundredandeleventh, variations, colonized, reluctance, daybecame, willowlands, hobbiteyes, Undergate, ambassadors
109, BADBABA, thornbush, volunteers, Westernesse, investigating, incantation, victorious, northmost, Dunharrow, resisting, sadending, starglass, lieutenant, Envinyatar
110, BADBABA, tremendous, estimable, Treasurehunter, recovered, sweepings, forestpath, regretting, unnecessarily, abstracts, contained, eavesdropping, reflection, Snowwhite, Wilderness, overcoming, willingly, Nmenoreans, greyhooded, trumpetvoice, evergreen, exhaustion, parchments, elventower, remorseful, unchecked, sandcastles, straightsided, maidchild
111, BADBABA, immensely, dragonfire, sittingroom, grandmother, enchantment, amazement, borderland, Shirereckoning, Goodbodies, significant, Elvenlore, treepillars, disquieted, Flammifer, Halflings, mallorntrees, Rowantrees, yesteryear, whitetipped, farseeing, gentleness, upthrusting, Oathbreakers, mouthpieces, supplemented
112, BADBABA, gainedwell, apparently, pocketknife, disturbance, goblininfested, quietness, treestems, Tremendous, introduced, roundabout, footfalls, enheartening, tormenting, spokesman
113, BADBABA, mossgreen, pinnacles, spiderrope, riverside, pondering, mountainspur, stillthough, drawbacks, stammering, Westfarthing, Withywindle, competing, squinteyed, wrappings, dwarfrunes, Ringfinder, wolfvoices, Foolishness, henceforth, strengthfor, Stonehouses, shadowfolded, unmingled, Gatekeeper
114, BADBABA, recommendation, Yellowing, doubtfully, spiderthreads, experiences, relationship, recognized, uncloaked, ferocious, woollyfooted, machinery, widewalkers, saxifrages
115, BADBABA, coalmining, Obviously, galloping, spiderpoison, inevitable, strengthened, rockchamber, Greenwood, maintained, overtaken, riverward, elvenfair, Dwarfkingdom, Northerland, widebrimmed, Halfgrown, foreboded, carrionbeasts, Northkingdom, utvienyes
116, BADBABA, smithereens, desperation, clockless, distrustful, disconcerting, flagstone, compensation, homelessness, Silmarils, fulfilling, closefitting, neglected, sunbreaks, halfstrangled, noonbells, shadowmantled, unescapable, horsethieving
117, BADBABA, delivered, blackhaired, carrynuts, suppressed, Arkenstone, exhibited, punishment, nogothrim, prevailed, elveneyes, earthborn, Hornburggates, Orthancrock, loitering, inspection, seedplumes, Dwimorberg, thickness, unthanked, uncertainty, ashridden, foundering
118, BADBABA, profitable, hobbitlands, deceptions, justified, messengers, appendices, Longbottom, wanderers, disliking, evasively, exclamation, hobbitrooms, hemlockumbels, dwarflanguage, trickster, huntinghorns, guardhouseover, mumblings, horseroad, flinthearted
119, BADBABA, crumbling, shattered, traveller, hobgoblins, Ringwinner, elfcharge, captivity, satisfaction, Firemountain, straighter, rushgrown, unhappily, cloudroof, accounting, halfstarved, stragglers, Neekerbreekers, errandless, certainty, uselessly, turfbanks, Shiretalk, maggotfolk, manywindowed, outcompanies, steerless, beautifuller
120, BADBABA, traveling, despairing, Tuckborough, Brandybucks, celebrate, dancetune, correspondence, friendships, Morgulknife, Shadowmere, Easterlings, explorers, orcmischief, unimaginable, Foolishly, contraptions
121, BADBABA, unguarded, interrupt, slithered, midsummereve, discovery, northward, searchingly, disadvantage, consulting, Obstinate, untruthfully, Breelander, Wormtongues, digesting, mountainwalls, buttresses, thickened, Firienwood, heedfully, Hildinyar, admittance
122, BADBABA, directions, preciousss, chestnuts, vengeance, travelled, Ravenhill, starlings, inventory, connexion, thickgrowing, Bundushathyr, groundasleep, cloudwall
123, BADBABA, Wednesday, experience, stoneslide, watchfires, caressing, lunchtime, Fallohide, commanded, nighthours, eyeopener, forbidden, ungracious, elvensheath, mountainmaggots, remonstrance, firneedles, slavedriving, snakelike, purposeless
124, BADBABA, diningroom, deepening, crosslegged, extraordinarily, stealthily, exhaustedhe, winebarrels, blossoming, selfstyled, uppermost, willowtrees, perceives, answerable, hobbitfashion, Listening, discourse, ninnyhammer, Southrons, longtilted, pkelshapes
125, BADBABA, enchanted, muttering, Evidently, forestgloom, blindfold, Flickering, domination, Gardeners, Watervalley, mattresses, Whitesocks, alongside, discoveries, labouring, inattentive, nightwind, recapturing, truehearted, Whiteskins, Derndingle, grievance, Glittering, illdisposed, newplanted, subtleties, thereupon, uprooting
126, BADBABA, morninged, shambling, bewitchment, complaints, Cormallen, inexhaustible, strengths, pottering, melodious, disrespect, helplessness, passwords, thundered, selfregarding, untutored, stonecrop, dangerousif, sidepassage
127, BADBABA, sparerooms, suffocated, victimsand, Foehammer, guesseses, arewithout, loathsome, goblincities, Eventually, fragments, fortified, unloading, dislodged, containing, breathlessly, heirlooms, relieving, Taurelilumlatumbalemorna, unbuckled, sogotosleep, appearances, gentlyrippling, unfamiliar, Smjagolll, pavements, halfshrouded, Lieutenant, overflowed
128, BADBABA, reasonable, Excellent, Woodfires, tunnelwall, yourselves, goblinraid, Rollrollrollroll, trespassing, strayings, explosion, blacklike, birthdayparty, baggagecarrier, flaglilies, syllables, earnestly, demanding, Tauremornaluml, highhearted, outrunning, Calenardhon, unwillingly, interminably, sprinters, Starkhorn, southland, freshness, Elvenstars, replenished, mountainthrone, memorials
129, BADBABA, aftersupper, exclaimed, riverdoor, publication, mythology, perpetual, oddlooking, embattled, unlabelled, autumncleaning, bewildering, Elvenriver, Northrealm, assailing, armouries, limblithe, waterlands, smoothhewn, stubbornly, greetings, grimfaced, Stewardship
130, BADBABA, scratched, possessed, assistance, thechance, unblinking, Following, watercourse, watchpost, devastating, shrilling, understands, dwarflord, unimportant, mysteriously, appealing, essentially, overlapped, forgebellows, representative, dismounted, tightening, overthrow, uncertainly, Understand, unquietly, weapontake, Assaulting
131, BADBABA, exercising, betraying, queerexcept, misgivings, foreigners, blackberry, illfavoured, wakefulness, broadened, companionship, Wellinghall, greycloaked, sundering, Hammerhand, gibbering, CaptainGeneral, turretstair, wellpaved, Markwardens, unconquerable, kingsfoil, snufflers
132, BADBABA, altogether, blackberrying, uglylooking, comforted, searching, officially, Greenfields, government, dwarfhoards, invitations, cheerfully, drivingseat, sidedoors, dependants, treasurehunt, broadening, hobbitcloak, Longshanks, fanprogress, elvencloaks, Horsemaster, challenges, unfigured
133, BADBABA, specially, owlnoises, refreshed, treatment, Lakepeople, obligation, throughout, walkingsong, southeastern, willowtrunk, customers, twofooted, astounding, deformity, gallopers, diminishing, fireraising
134, BADBABA, adventures, flustered, answering, introduce, Excitable, overwhelming, telescopes, thrumming, undamaged, announced, enthusiastic, matriarch, darkening, Ringbearer, halfheeded, pleasenice, arguments, discourtesy, gueststruly, billowing, perceiving, Gollummanner, Unearthly, woodcrafty, knighthood
135, BADBABA, excellent, shuddered, apologetically, collected, earthenware, kindheartedly, staggerment, bellowing, emptiness, eparations, materials, compliment, hindering, botanical, disappears, conjuring, headstall, escarpment, uttermost, misconstruing, masterless, exhalation, unnameable, ambushing, fungusgrowth, stairdoor, mischances
136, BADBABA, hurricane, battleground, wolfriders, beardless, bargainprices, treeroots, dispirited, searchers, arrangehere, guardians, silkengrey, blackfeathered, bowlegged, Thorondor
137, BADBABA, Unexpected, snatching, riddlegame, understanding, steepsided, thriceforged, recalling, elfmaiden, generally, Elffriend, galadhremmin, lingering, halfelves, clambering, Unheeding, conditions, brightness, Dernhelms
138, BADBABA, lightningflashes, difficulties, magnified, birthdayparties, moonshine, unfastening, whiteness, Unwearied, foundation, Edrendils, sorcerers, halfknowing, overmastered, battalions, reproachful, fireblasted
139, BADBABA, favourite, Chestnuts, goblinguards, cleverness, unfortunate, entertain, torchlight, councillors, arrowstorm, glittered, mountainslopes, loremasters, wolvishlooking, penthouse, producing, sleepless, orcarrows, lightningstroke, handsfirst, slowrolling, unbearably, closeserried
140, BADBABA, Oakenshield, guaranteed, lengthening, skinchanger, impassable, misfortunes, grievously, oppression, introduction, Bracegirdles, greediest, stuttering, forebodes, hobbitvoices, withering, riverlands, immensity, deathless
141, BADBABA, hobbithole, exception, knowledge, snowwhite, impatience, southaway, residence, giantwheels, overpowering, approving, righthand, whitewalled, Quickbeam, shortened, Eastlands, springless, unblessed
142, BADBABA, walkingstick, disbelieve, Breehobbits, northwards, burzumishi, mithrilrings, elfwrought, halfasleep, reedchoked, manysided, eatingyou, whirlwind, Strangely, relentlessly, Lampwrights, battlefury, ambassador, gallantly
143, BADBABA, discreetly, intricate, precioussss, unwrought, followers, Harrowdale, influences, wayfarers, stifflike, willowwind, rushseated, unburdened, immeasurably, postscript, unconcernedly, Azanulbizar, Nargothrond, beastshape, coldgleaming, nightpools, princedom
144, BADBABA, protected, Forgetting, dragonhoards, pinetorch, sixthirty, curiousminded, nonsensewords, northgate, Greyflood, ploughman, withdrawing, doughtiest, Twitching, huntingbows
145, BADBABA, daughters, disappeared, mountains, drawingroom, understood, Rivendell, Murderers, companions, sufficient, sidetables, elvencakes, Skinbarks, Eorlingas, ancientry, Lossarnach, hoofbeats, Authority, dragonshapes, judgements
146, BADBABA, devouring, disappearing, precipice, tinderboxes, endlessly, goodnight, avalanche, scintillating, Brockhouse, handcarts, supported, upsidedown, dwarftongue, Cautiously, horncrowned, undefended, spouthole, lilyflowers, falsehood, convulsion, displaying, premonition, quarrelled, guardhouse
147, BADBABA, bewildered, appletart, positively, stockings, miserable, easytempered, nothingand, voluntary, conspirators, fortresses, BUTTERBUR, trollfells, unguessed, kindnesses, turbulent, nightmarch, Regiments, Springtime, uncovering, competent, Coombside, Beechbone, grasshopper, shredding, oliphaunt, interfere, Guesthouse, bloodyhanded
148, BADBABA, scuttling, pockethandkerchiefs, desperate, shouldered, immeasurable, interests, Meanwhile, Authorities, orchestra, admirable, speechless, Footsteps, restrained, imaginings, soundlessly, Dwimordene, swarthier, Stonecity, murdering
149, BADBABA, mountainstreams, suspiciouslooking, Butterbur, manuscript, gardenpath, werewolves, huntersbut, galleries, whichever, Stonyfaced, errandriders, closefurled, thronging, evillooking
150, BADBABA, blundering, audacious, tunnelling, quickwhere, quarriers, islandshores, clifffoot, Willowman, descending, perturbed, assembling, victories, manypillared, gateposts, Helmingas, undertake, whimpering, trappings, Celerdain, evermounting, discomfiting, fantasies, slaveworked
151, BADBABA, openBilbo, dwarvesnot, balancing, preciouss, generations, surpasses, bannerbearers, SackvilleBagginses, inadequate, September, hesitatingly, Southerner, hemlocksheaves, pronouncement, intelligence, clamouring, Storeroom, earthgnawing, decisions, wizardwheedling, grassblades, stonewall, nerveless, Morgulrats, cloudwrack, hobbitcare, wellpleased
152, BADBABA, Mountains, disgusted, venerable, undergroundnot, forgetting, storksforks, brilliantly, Invisible, homecoming, Naturally, acknowledge, easygoing, signatures, firewriting, retreated, numberless, nightbreeze, Thornbushes, Thatglass, acquaintance, arrowpoint, Morgulsheen, incalculable
153, BADBABA, toothsome, moonletters, distressing, outnumbered, fiftysecond, Bucklanders, connected, permanently, reluctantly, longfingered, questioningly, twigfingers, commonroom, insolence, undervalued, benevolent, keenedged, Tighfield, whimpered, closeting, higharched, coverlets, highseats, bloodthirsty
154, BADBABA, difference, disastrous, astonishment, nappingand, cheerless, unrespectable, Eastfarthing, piercingly, nonsensically, watchtower, southwestern, encompassed, likeliest, entrances, unchanging, Angrenost, Carnimnril, hornblasts, Thousands, orcfigures, Supposing, brightburnished, mighthavebeens, untouchable
155, BADBABA, bothering, pocketpicking, mentioned, convenient, hallooing, blackened, temptation, longerthe, inexperienced, flickering, Dragonshooter, connexions, hobbitchildren, offensive, commanding, Eavesdropping, scoundrels, feathered, Venerable, Deepingstream, stoneflags, expectation, confusing, chamberlain, staunched, guttering, freshener, villagefolk, Shirehistorians
156, BADBABA, unnecessary, whispered, desperately, Elvenkings, circuitous, underparts, dragonslayer, happenings, contemporary, gentlehobbit, glistening, honeycomb, fourlegged, loosening, Grishnbkh, spellbound, halfopened, Deserting, Barrowfield, morimaite
157, BADBABA, Necromancer, explained, jabbering, blackness, treacherous, lightunless, undesigned, published, disbelieved, birthdays, inadvertently, debatable, Frightening, Elvenfolk, undulating, twentyfourth, listeners, counselif, hobbitfeet, cleanlimbed, longarmed, signifies, objection, Beautiful, coneysnaring, elfwrights, Elvenlord, ungrateful, entdraughts
158, BADBABA, screechowl, thunderstorm, persisted, sharpened, Consequently, weariness, confident, shuffling, ambiguous, specializing, quavering, observing, diminished, belongings, leadership, whiffling, yesterevening, safeconduct, undertaking, squelching
159, BADBABA, comfortless, terrified, describing, opportunity, roundness, reception, emissaries, ashencold, swiftmoving, beehunter, battlecries, remorsefully, thundercloud
160, BADBABA, beautiful, elffriendone, guffawing, thoroughly, wonderfully, curiosity, everlastingly, bargaining, significance, settlements, unusually, Gorhendad, southeast, courteous, untrodden, everlasting, mountainsprings, twopronged, outthrust, hayfields, tenderness, directing
161, BADBABA, smokeringsand, grocerthan, miserabler, dreadfully, disquieting, dwarfboots, glimmering, Underhills, Grimbeorn, shinylike, skincovers, greatgreatgrandfather, posterndoor, honourable, gardenings, courtesies, Wholesome, telltales, politeness
162, BADBABA, certainly, darkgreen, flowering, meetingplace, Shiremoot, Hundredweight, suspiciously, chancemeeting, Everevens, thereafter, yestereve, ascending, overburdened, undefeated, reminding
163, BADBABA, adventurouswhen, parchment, scrumptiously, delightedly, wearisomely, equivalent, Brockhouses, jewellery, examination, illtreating, elvenmail, Gatestream, wrenching, Lightning, misunderstand, grovelled, snowmountain, foebeleaguered, meaningless, Landroval
164, BADBABA, regretted, hospitality, swallowed, tightened, contrived, contradictions, breakfasted, defiantly, barrowwightish, Nomanlands, endurance, greatheart, inquiringly, blindfolded, shadowsound, quenching, deathknell, Southlinch, lordlings
165, BADBABA, mountainpaths, outstretched, butterflies, allowancenow, Highelves, shirewords, Proudfoots, illuminated, unsatisfied, countries, previously, inquisitiveness, hammering, instructing, snowcapped, avalanches, muchneeded, curtained, goldenhaired, veritable, elvenfingers, Ecthelion, chessboard, trystingplace
166, BADBABA, Occasionally, Amazement, refounded, wellfarmed, accustomed, Fairbairns, annotation, vegetables, trespassers, sympathetic, fearfully, Morgullord, ankledeep, listlessly, humpbacked, piecemeal, fascinated, submerged, straighten, bluegleaming
167, BADBABA, unexpected, uncomfortable, treetrunk, explosions, featherbed, westering, lamenting, Dragonfire, oldfashioned, nightshadows, chimneycorner, truncheon, faithless, aforetime, perchance, barricade, eveningtime, oathbreakers, backwardslike, magnitude, twofeather
168, BADBABA, flummoxed, emptyhanded, cautiously, fryingpan, watchfulness, agreement, Elvensmiths, supporting, illfounded, Oiolosslo, intelligible, orchelmets, Southeastward, beechgrove, swordbelts
169, BADBABA, hearthrug, dressinggown, practical, brokenexcept, swordblade, hobbitsmell, impenetrable, Baranduin, varieties, engrossing, shrinking, malicious, farmbuildings, uncovered, frontdoors, recommended, elvenglass, undeterred, thundering
170, BADBABA, disturbing, Thereupon, goblinhall, goblinimp, bowstring, gateguards, stretched, drippings, expensive, knowbecause, rekindled, recompense, elventongue, widemouthed, Nachaered, flakelike, startling
171, BADBABA, untouched, mountainside, friendlythis, dwarfmessengers, encouraged, multiplying, Postmaster, hundredandtwelfth, hobbitlore, highelven, Suspicion, regretfully, Concealment, reentered, mallorntree, goblinmen, orcfriends, Morgulduin, Morgulkingnot
172, BADBABA, description, gathering, waterfalls, commotion, goblinsas, development, shallower, travellers, compelling, summoning, murmuring, Miserable, thornless, dangerously, cookingfire, corpselight, infection, elvenbrooch
173, BADBABA, neighbours, direction, westlands, surviving, hobbitkind, surrounding, sorrowing, lindenleaves, fabulously, linnathon, deepshadowed, fittingly, unthrottled, enfolding, ridingtrack, ashengrey, fireencircled, hobbitchild
174, BADBABA, preferred, watchedhe, deepthroated, storytelling, plundered, jibbering, imagination, prospered, flourishes, reputedly, interfering, prospects, palegreen, misinterpreting
175, BADBABA, hesitated, goblinchains, contentedly, distressed, thankfulness, Barrelrider, Translations, ninetynine, bristling, innkeeper, truesilver, hiruvalyl, harboured, Southwards, explanations, halfclosed, leaderless, heathland, graciously, impregnable, downright
176, BADBABA, overtaking, slaughtered, woodlands, Dragonhoard, strangelooking, elvenwhite, ornemalin, beggarman, swordplay, greenfingered, offspring, drabbling, trothplighted
177, BADBABA, squeaking, nervously, lowseated, rockshadows, abandoned, Westmarch, Fallohides, wheelbarrows, influence, Stockbrook, leastways, breekneek, applauding, declaring, unwinking, Grapplinghooks, Sunlending, forefront
178, BADBABA, backwards, waterside, privately, kitchengarden, dryfooted, warbeacons, irresolute, Gradually, homesteads, colourless, highcrowned
179, BADBABA, flipflapping, glimmered, glittering, suggested, information, carriages, swellings, Northeast, grassclad, blameless, Horsecountry, chiselled, trumpetblast, clenching, malthouses
180, BADBABA, relatives, thirteenand, smithcraft, gratitude, mountaintop, matterone, defending, observations, popularly, resentful, ownership, stonerings, appearing, broadbladed, woolpated, Holbytlan, Seriously, wordhoard, gardeners, Morgulroad
181, BADBABA, lookishly, impression, eggquestion, clammyand, disrespectfully, rollrollrolling, battering, movements, linguistic, Mathomhouse, Barrowdowns, despaired, slackening, marvelled, wolfchieftain, lindentree, disobeyed, Lassemista, grandsires, springthis, ravenwings, wisewoman, contested, leafplantations, restoring, homewards
182, BADBABA, pocketses, according, strongest, appointed, complicated, orcguards, ADMITTANCE, excavation, grassborder, seventyseven, Bucklander, Snowstorms, wherefore, hobbitses, watchtowers, fairseeming, praiseworthy, slowkindled
183, BADBABA, unpressing, widearmed, enclosure, suffocate, approaching, elvenharps, literally, redoubled, applicability, NorthWest, possessing, perceived, halfmocking, fortnights, brightened, watervales, countenance, destroyer, dwimmerlaik, Galadriels, twostoreyed, ruination
184, BADBABA, afterwards, quarrelling, obviously, confessed, convincing, collections, badgering, gratefully, interlacing, southwest, longstemmed, counsellors, hindrance, spearshaft, Stonehard, leisurely, Thrihyrne, increases, squatting, overridden, Southlands, Sandymans, greatgrandchildren, plumtrees
185, BADBABA, mockpoliteness, benighted, thousands, separated, Companies, cavernous, noiselessly, Southwest, hesitation, Shirehobbits, goblinbarkers, repeating, willowleaves, willowtree, knowingly, Celebrimbor, Kibilnvla, dwarfgates, reawakened, twentynine, roughhaired, westmansweed, Unescapable, thirteenth
186, BADBABA, descendant, twicebaked, undergrowth, satisfactory, tubtrading, redecorated, disapproved, scimitars, inevitably, elusiveness, comparative, quartered, illgotten, graveyard, Osgiliath, bowstrings, Eastemnet, servingman, infalling, simmering, unrecoverable, elvenblade, siegetowers, downfallen, woollypated, highwayrobber
187, BADBABA, plundering, practically, reflecting, carelessly, plunderers, wolvesespecially, wellarmed, bellshaped, recapture, greatgrandson, nasturtiums, inquiries, weakening, deploring, untroubled, elfchildren, potencies, Anxiously
188, BADBABA, terrifying, arrowwound, defenders, tenfingered, originally, queerness, appearance, omentielvo, mortality, mightiest, Mithrandir, shelterless, greatness, campcooking, smithying, traceries, Telcontar, passagefloor, waterless
189, BADBABA, exceeding, squeezing, enchanting, wickedest, Undertowers, intensely, confounded, strangling, withholding, ropelength, fireflecked, afflicted, Herubrand, quietlike
190, BADBABA, cavalcade, forestday, storygerm, immemorial, appealingly, excellently, fierceness, contriving, clangbang, dismissed, Frogmorton
191, BADBABA, immovably, theerchest, afternoons, fortyfour, entertainment, Dwarfkings, disregard, wraithworld, willothewisp, Raurosfoot, pleasures, swordhand, distorted
192, BADBABA, strangers, interesting, wolfglade, antiquated, treacheries, unobtrusive, BRACEGIRDLE, retirement, conspiracy, Orodruins, middlenight, interpreted, driftwood, rowantree, watercourses, Oliphaunt, Oliphaunts, compounded, embrasure, foulsmelling
193, BADBABA, wonderful, necklaces, suppertime, departure, dragonlore, lookingfor, swiftness, relationships, surrounds, manuscripts, Esmeralda, ferryboat, neekbreek, orcweapon, shieldwall, Watchwood, worshipped, wrestling, Ringwraith, craftsmen
194, BADBABA, legendary, tunnelled, discussing, squirrels, scuffling, frantically, miserably, goldplated, befriended, surpassed, dwindling, unfolding, preservation, whitewashed, mountaintops, despoiled, woodcraft, champions, blistered, intentions, famisshed, Grimslade, bellchain, functions
195, BADBABA, particular, reference, supposing, weatherstained, overhanging, convenience, Galadriel, strongbox, Elvenrings, eastwards, cloudveiled, orcscimitars, suspecting, blackgreys, condescending, forbidding
196, BADBABA, handkerchief, inhabited, occasional, bloodcurdling, longbodied, countless, astruggling, beeautiful, horrified, smoothfloored, kingdomDale, accounted, wellspoken, forthcoming, violently, bedridden, Immediately, necessity, mountainous, Monoliths, overtakes, widesplayed
197, BADBABA, Yesterday, handsomely, listening, comforting, acquainted, scrambling, twohandled, fingering, silversteel, besiegers, assistant, inquiring, outskirts, Appledore, stonework, mountainrace, dreamshadows, Trolllike, treeherds, grappling, sparingly, GhvnburiGhvn, Encircling
198, BADBABA, burglarexpert, grassgreen, BilboBilboBilbobobobo, rediscovered, accomplished, southpointing, thirtythree, crouching, morninglight, earnestness, orcspeech, smokebreathing, semicircle, lightningblast, concourse, yestermorn, Gatekeepers
199, BADBABA, diningrooms, competition, scratching, invisible, clumsiness, slenderest, seriously, Luckwearer, reversebut, twohanded, marketpool, displease, manifestations, invention, provender, perfunctory, hobbitsense, Gollumcreature, encircling, improvement, longlimbed, passenger, Isengarders, Taurnaneldor, threateningly, windowholes, allegiance, consuming, Treegarth
200, BADBABA, ancestors, Undoubtedly, shuddering, againexcept, buttertubs, snailcovered, indefinitely, folklands, shortcomings, Fragments, Nimrodelcurse, Henceforward, restlessness, steppingstones, idlingand, elvenhoods, clumsylimbed, surprisingly, brandishing, thunderous, wellarrayed
201, BADBABA, wardrobes, instruments, forestgate, cliffwall, fronthall, grasslands, distinguish, schooling, dishonours, orcprints, foresight, heavylidded, undeserved, unwavering, shrillness, heartened, unShirelike
202, BADBABA, hobbitboys, Bullroarer, strangled, wilderness, Peopleand, exceedingly, architecture, misgiving, enclosing, elvenvoices, shorthandled, uncommonly, Wormtongue, knifework, evilsmelling, darkleaved, bellstems, stewardship, greybearded, Fugitives, musterings
203, BADBABA, conversation, grandfathers, southwards, descended, overlooked, fortunately, friendship, decrepitude, immediate, reappeared, twentyfive, shiftings, Lightfoots, stonewrights, Swanfleet
204, BADBABA, unpleasant, antiquity, calculations, Bandobras, eleventyfirst, trouserpocket, inventing, spiriting, strangest, unscathed, belonging, footstool, withdrawn, candlelight, reproached, trollhole, vanimelda, flagstones, weaknesses, truthfully, lebethron, sputtering, grassless
205, BADBABA, enormously, reverence, silvergrey, figureeights, hopelessly, lowspirited, foundwrapped, recklessly, screaming, blackleather, elvenflowers, merciless, handiwork, enlighten, grovelling, suffering, despatched, householdmen, halfforgotten, converging
206, BADBABA, practising, rivervalley, anxiously, forestroof, Practically, permanent, Weathertop, overthrew, shuttered, beforehand, scorching, ropeladder, fastening, performed, mountainstone, liegelord, rebeltalk, conqueror
207, BADBABA, representatives, filtering, beepastures, highwalled, overturned, widesweeping, Moneybags, Underhill, Halfelven, clustering, scratches, measurement, penetrating, embroiled, greenshadowed, blackharnessed, passagethreshold, spellenslaved, flowername
208, BADBABA, interrupted, Altogether, disappointed, Longbeards, Impossible, slumbering, squabbles, swiftflying, awakening, accessory, indignant, southeastwards, expeditions, nakedness, Calacirya, unexplored, mallornleaf, threatens, beggarlike, retreating, careering, dispelled
209, BADBABA, wickedness, whinnying, parchingly, performer, businessespecially, Fellowship, Brandywine, Guardians, Bucklebury, celebrating, prostrate, thoughtfully, undecided, merriment, dragonets, weatherwind, beckoning, hobbitfolk, annthennath, unmolested, OrodnaThfn, fortysecond, cutthroats, kingfisher, Halifirien
210, BADBABA, blacksmithwork, preparing, treasures, pineneedles, personality, Bladorthin, unceasingly, deceptive, quickened, mountainpass, walkingparty, Barrowblade, rejection, storeroom, squirming, trumpeting, gorsebushes, catapults, intertwining, mailshirts
211, BADBABA, hobbitlike, depredations, capturing, overgrown, NorthEast, calculating, concentrated, SouthEast, familytree, challenged, everyones, loneliness, loveliness, nothingness, Firstborn, habergeon, Calaciryo, bewitched, inclination, willowthickets, Nmenureans, irrevocable, dirtylooking, wallpropping
212, BADBABA, walkingsticks, believing, incantations, struggled, countriesit, imprisonment, swordsman, unfortunately, Leastways, halfempty, Elvenwise, governing, sputtered, wizardlords, carrotses, discomfort, nightwalkers, fifteenth, foulbellied
213, BADBABA, According, practised, longfallen, mushrooms, straightening, Wanderers, Sandheaver, fivestringed, performance, succeeded, translation, battlements, mansflesh, Crouching, tapestries, irisswords, sickening, disdained, wormcreature, unfinished
214, BADBABA, longforgotten, Tookishness, birthdaypresent, goblinses, landswhat, mountainwall, hastening, exceptional, mayoralty, backarappers, exceptions, dullwitted, Adventure, countrified, foundations, Therefore, Lbthspell, sunsethour, lengthwise
215, BADBABA, undoubtedly, adventurous, unbeknown, Voiceless, ProudFEET, Proudfoot, lumberroam, imagining, presented, vigilance, retracing, elvengrey, confederates, declining, hyacinths, delighting, smothering, Telperion, twentyfifth
216, BADBABA, marketplace, Lothlurien, indisposed, imitation, brandished, dragonhorn, houseless, Knowledge, hartstongue, thirsting, Windowcurtain, entrapped, blueshadowed, insupportable, steadfast, greenbordered, Hobbitons
217, BADBABA, smokerings, sorcerous, requisite, dazzlingly, mustering, guardedthe, histories, Hobbitlore, nonetheless, wildberries, scarceheard, confidence, Orthancwith, poisonous, impervious, intrusion, hardihood, errandrider, warhardened, Unbelievable, repayment, ThreeFarthing
218, BADBABA, explanation, suspicion, interruptions, footprints, eggshaped, afterward, personally, weaponless, household, regrettable, elvenstrands, hastiness, nourishing, unfaithful, Blackness, finewrought
219, BADBABA, determined, overagain, noblehearted, extremely, cavernmouth, dwarfkings, insignificant, childhood, communities, twentyeighth, Swordsman, Budgeford, crookedly, loremaster, shinglebanks, blossomed, overlapping, manypointed, stonecast, fightingorc, slavedrivers, halfbowed, clamorous, Bridgehouse
220, BADBABA, worthwhile, Wilderland, hospitable, stiffened, senseless, relations, creditable, agreements, arrangements, Goldberrys, minstrels, Arvernien, windowsill, distrusted, manytowered, opponents, ceaseless, heaviness, storehouse, floodlevel, illmannered, Reluctantly, chiselling, foresighted, surrenders, laituvalmet, Hobbitonbred
221, BADBABA, Midsummers, snapdragons, meanwhile, applicable, different, stretches, Desolation, webcutter, neighbour, mothballs, fidgeting, discussion, gatekeeper, foretelling, rehearsed, halfguessed, celandine, farmsteads, sneakthief
222, BADBABA, remainder, additional, Periannath, professionally, zigzagging, bogeystories, horsethief, northernmost, mishandled, Northerners, twentyseven, mountainfield, slouching
223, BADBABA, Belladonna, ingenious, overheard, comfortably, miserableness, attribute, contented, Weariness, culmination, hedgerows, Northwest, fairspoken, cheerylooking, unheralded, thrakatulyk, Westemnet, changeable, crashcrack, Northlands, streamlet, sleepyhead, plentiful
224, BADBABA, robberies, completely, downwards, wellfilled, assembled, midwinter, commodity, acrobatics, Thangorodrim, obstinate, limestoneboulders, midmorning, swordsmen, headfirst, Treachery, elfcountry, Morgulway
225, BADBABA, oldlooking, obstinately, spreading, referring, Dazzlingly, breakfasttime, heavylegged, outwardly, Ettenmoors, orcchieftain, Galadhrim, summermoths, Twentyone, disorders, Primeroles, gauntlets, coastlands
226, BADBABA, pretending, disturbed, swallowing, wearisome, constantly, concerning, biscuitish, slaughter, countryside, redcheeked, qualities, SACKVILLEBAGGINS, keeneared, halflings, swordblades, pavingstones, newsprouting, sharpness, breathlessness, earthward, truncheons
227, BADBABA, flickeredit, laterthat, badhearted, continued, threatening, thrushlanguage, cloudless, selection, bachelors, available, unslinging, straddled, doublings, attentively, Dwarfdoors, elvenship, pedestals, orcliquor, olivecoloured, breadcrust, nightguards, greenfeathered, recruited, impudence, palandiriel, pillaging, reporting, tightdrawn, unashamed, vanimblion
228, BADBABA, interested, existence, burrahobbit, travelling, Descendant, elffriend, contemptible, Stonebows, elaborate, desirable, sprawling, Celebrnan, Everwhite, windwrithen, Entmaiden, storehouses, greenwhite, Pheriannath, clearvoiced, Pickthorn
229, BADBABA, marvellous, footsteps, Deepelves, watergate, attempted, steepwalled, fascination, hardships, necessarily, preference, greensward, exhausted, unforeseen, Laboriously, Treepeople, halflight, ironnailed, Westfoldmen, suspended, trespasser, Valinorean
230, BADBABA, hobbitmay, sheltered, everythingexcept, reappearance, slowcoach, maddening, delightful, bottommost, stonepaved, sustaining, Crossroads, additions, elftongue, Nanduhirion, pestilence, venturing, dismounting, recognizing
231, BADBABA, laburnums, descendants, splendidly, smouldering, dragonhaunted, unfastened, reassuring, Thranduils, uncharted, begrudged, overshadow, peacefully, livelihood, swordhilts, intolerable, southeastward
232, BADBABA, considered, attractive, quietfooted, unnatural, straining, lightbuilt, likenesses, inaccessible, rebellious, doorwardens, clattered, transparent, mountainsteps, mithrilmail, Easterling
233, BADBABA, grandfather, beechlogs, valleyside, mountainsides, unconquered, woodelves, dragontalk, vampirelike, precipices, emergency, twentieth, Elvenlady, serviceable, straggled, northwestward, Wellearned, oliphauntses, unsheathing, surrendered, wastelands
